<?xml version="1.0" encoding="ISO-8859-1"?><java class="java.beans.XMLDecoder" version="1.8.0_121"><object class="java.util.LinkedList"><void method="add"><object class="eg.edu.alexu.csd.oop.draw.shapes.Line" id="Line0"><void class="eg.edu.alexu.csd.oop.draw.cs37_54.MyShape" method="getField"><string>layer</string><void method="set"><object idref="Line0"/><object class="javafx.scene.layout.HBox"><void property="alignment"><object class="java.lang.Enum" id="Pos0" method="valueOf"><class>javafx.geometry.Pos</class><string>CENTER_LEFT</string></object></void><void property="layoutX"><double>6.0</double></void><void property="layoutY"><double>171.0</double></void><void property="prefHeight"><double>40.0</double></void><void property="prefWidth"><double>286.0</double></void></object></void></void><void id="Point0" property="endPoint"><void class="java.awt.Point" method="getField"><string>x</string><void method="set"><object idref="Point0"/><int>355</int></void></void><void class="java.awt.Point" method="getField"><string>y</string><void method="set"><object idref="Point0"/><int>158</int></void></void></void><void property="fillColor"><object class="java.awt.Color"><int>0</int><int>0</int><int>255</int><int>255</int></object></void><void id="Point1" property="position"><void class="java.awt.Point" method="getField"><string>x</string><void method="set"><object idref="Point1"/><int>168</int></void></void><void class="java.awt.Point" method="getField"><string>y</string><void method="set"><object idref="Point1"/><int>64</int></void></void></void><void property="properties"><void method="put"><string>LENGTH</string><double>209.29644048573783</double></void><void method="put"><string>lineAngle</string><double>0.4657843578856372</double></void></void><void property="thickness"><double>2.0</double></void></object></void><void method="add"><object class="eg.edu.alexu.csd.oop.draw.shapes.Circle" id="Circle0"><void class="eg.edu.alexu.csd.oop.draw.cs37_54.MyShape" method="getField"><string>layer</string><void method="set"><object idref="Circle0"/><object class="javafx.scene.layout.HBox"><void property="alignment"><object idref="Pos0"/></void><void property="layoutX"><double>6.0</double></void><void property="layoutY"><double>129.0</double></void><void property="prefHeight"><double>40.0</double></void><void property="prefWidth"><double>286.0</double></void></object></void></void><void id="Point2" property="endPoint"><void class="java.awt.Point" method="getField"><string>x</string><void method="set"><object idref="Point2"/><int>386</int></void></void><void class="java.awt.Point" method="getField"><string>y</string><void method="set"><object idref="Point2"/><int>322</int></void></void></void><void property="fillColor"><object class="java.awt.Color"><int>0</int><int>0</int><int>255</int><int>255</int></object></void><void id="Point3" property="position"><void class="java.awt.Point" method="getField"><string>x</string><void method="set"><object idref="Point3"/><int>119</int></void></void><void class="java.awt.Point" method="getField"><string>y</string><void method="set"><object idref="Point3"/><int>215</int></void></void></void><void property="properties"><void method="put"><string>thickness</string><double>2.0</double></void><void method="put"><string>radius</string><double>101.69685344198217</double></void></void><void property="thickness"><double>2.0</double></void></object></void><void method="add"><object class="eg.edu.alexu.csd.oop.draw.shapes.Diamond" id="Diamond0"><void class="eg.edu.alexu.csd.oop.draw.cs37_54.MyShape" method="getField"><string>layer</string><void method="set"><object idref="Diamond0"/><object class="javafx.scene.layout.HBox"><void property="alignment"><object idref="Pos0"/></void><void property="layoutX"><double>6.0</double></void><void property="layoutY"><double>87.0</double></void><void property="prefHeight"><double>40.0</double></void><void property="prefWidth"><double>286.0</double></void></object></void></void><void id="Point4" property="endPoint"><void class="java.awt.Point" method="getField"><string>x</string><void method="set"><object idref="Point4"/><int>511</int></void></void><void class="java.awt.Point" method="getField"><string>y</string><void method="set"><object idref="Point4"/><int>225</int></void></void></void><void property="fillColor"><object class="java.awt.Color"><int>0</int><int>0</int><int>255</int><int>255</int></object></void><void id="Point5" property="position"><void class="java.awt.Point" method="getField"><string>x</string><void method="set"><object idref="Point5"/><int>445</int></void></void><void class="java.awt.Point" method="getField"><string>y</string><void method="set"><object idref="Point5"/><int>124</int></void></void></void><void property="properties"><void method="put"><string>MAJOR_ANGLE</string><double>185.12557038636103</double></void><void method="put"><string>SIDE_LENGTH</string><double>60.326196631314325</double></void><void method="put"><string>MINOR_ANGLE</string><double>-5.125570386361025</double></void></void><void property="thickness"><double>2.0</double></void></object></void><void method="add"><object class="eg.edu.alexu.csd.oop.draw.shapes.NSide" id="NSide0"><void class="eg.edu.alexu.csd.oop.draw.shapes.NSide" method="getField"><string>n</string><void method="set"><object idref="NSide0"/><int>5</int></void></void><void class="eg.edu.alexu.csd.oop.draw.cs37_54.MyShape" method="getField"><string>layer</string><void method="set"><object idref="NSide0"/><object class="javafx.scene.layout.HBox"><void property="alignment"><object idref="Pos0"/></void><void property="layoutX"><double>6.0</double></void><void property="layoutY"><double>45.0</double></void><void property="prefHeight"><double>40.0</double></void><void property="prefWidth"><double>286.0</double></void></object></void></void><void id="Point6" property="endPoint"><void class="java.awt.Point" method="getField"><string>x</string><void method="set"><object idref="Point6"/><int>421</int></void></void><void class="java.awt.Point" method="getField"><string>y</string><void method="set"><object idref="Point6"/><int>359</int></void></void></void><void property="fillColor"><object class="java.awt.Color"><int>0</int><int>0</int><int>255</int><int>255</int></object></void><void id="Point7" property="position"><void class="java.awt.Point" method="getField"><string>x</string><void method="set"><object idref="Point7"/><int>355</int></void></void><void class="java.awt.Point" method="getField"><string>y</string><void method="set"><object idref="Point7"/><int>290</int></void></void></void><void property="properties"><void method="put"><string>SIDE_LENGTH</string><double>112.24697824247747</double></void></void><void property="thickness"><double>2.0</double></void></object></void><void method="add"><object class="eg.edu.alexu.csd.oop.draw.shapes.Oval" id="Oval0"><void class="eg.edu.alexu.csd.oop.draw.cs37_54.MyShape" method="getField"><string>layer</string><void method="set"><object idref="Oval0"/><object class="javafx.scene.layout.HBox"><void property="alignment"><object idref="Pos0"/></void><void property="layoutX"><double>6.0</double></void><void property="layoutY"><double>3.0</double></void><void property="prefHeight"><double>40.0</double></void><void property="prefWidth"><double>286.0</double></void></object></void></void><void id="Point8" property="endPoint"><void class="java.awt.Point" method="getField"><string>x</string><void method="set"><object idref="Point8"/><int>680</int></void></void><void class="java.awt.Point" method="getField"><string>y</string><void method="set"><object idref="Point8"/><int>307</int></void></void></void><void property="fillColor"><object class="java.awt.Color"><int>0</int><int>0</int><int>255</int><int>255</int></object></void><void id="Point9" property="position"><void class="java.awt.Point" method="getField"><string>x</string><void method="set"><object idref="Point9"/><int>603</int></void></void><void class="java.awt.Point" method="getField"><string>y</string><void method="set"><object idref="Point9"/><int>218</int></void></void></void><void property="properties"><void method="put"><string>MINOR_AXIS</string><double>77.0</double></void><void method="put"><string>MAJOR_AXIS</string><double>89.0</double></void></void><void property="thickness"><double>2.0</double></void></object></void></object></java>