{"MainObject":{"currentShapes":[{"currentShapes0":{"thickness":"2.0","color":"-16777216","fillclr":"-16776961","pos":[{"x":"71.0"},{"y":"124.0"}],"pos2":[{"x2":"284.0"},{"y2":"311.0"}],"props":[{"thickness":"2.0"},{"type":"0.0"},{"radius":"100.21102733731453"}]}},{"currentShapes1":{"thickness":"2.0","color":"-16777216","fillclr":"-16776961","pos":[{"x":"497.0"},{"y":"111.0"}],"pos2":[{"x2":"653.0"},{"y2":"273.0"}],"props":[{"MAJOR_ANGLE":"184.75012035242804"},{"SIDE_LENGTH":"112.44998888394787"},{"type":"1.0"},{"MINOR_ANGLE":"-4.7501203524280315"}]}}]}}