<?xml version="1.0" encoding="ISO-8859-1"?><java class="java.beans.XMLDecoder" version="1.8.0_121"><object class="java.util.LinkedList"><void method="add"><object class="eg.edu.alexu.csd.oop.draw.shapes.Rectangle" id="Rectangle0"><void property="fillColor"><object class="java.awt.Color"><int>0</int><int>0</int><int>255</int><int>255</int></object></void><void property="hBox"><object class="javafx.scene.layout.HBox"><void property="alignment"><object class="java.lang.Enum" method="valueOf"><class>javafx.geometry.Pos</class><string>CENTER_LEFT</string></object></void><void property="layoutX"><double>6.0</double></void><void property="layoutY"><double>3.0</double></void><void property="prefHeight"><double>40.0</double></void><void property="prefWidth"><double>286.0</double></void></object></void><void id="Point0" property="position"><void class="java.awt.Point" method="getField"><string>x</string><void method="set"><object idref="Point0"/><int>202</int></void></void><void class="java.awt.Point" method="getField"><string>y</string><void method="set"><object idref="Point0"/><int>68</int></void></void></void><void property="properties"><void method="put"><string>WIDTH</string><double>208.0</double></void><void method="put"><string>HEIGHT</string><double>164.0</double></void></void><void property="thickness"><double>2.0</double></void></object></void></object></java>