{"MainObject":{"currentShapes":[{"currentShapes0":{"thickness":"4.0","color":"-1671091","fillclr":"-179","pos":[{"x":"-38.0"},{"y":"-39.0"}],"pos2":[{"x2":"141.0"},{"y2":"142.0"}],"props":[{"thickness":"4.0"},{"type":"0.0"},{"radius":"90.00138887817232"}]}},{"currentShapes1":{"thickness":"4.0","color":"-6750208","fillclr":"-3394765","pos":[{"x":"356.0"},{"y":"263.0"}],"pos2":[{"x2":"416.0"},{"y2":"338.0"}],"props":[{"thickness":"4.0"},{"type":"0.0"},{"radius":"33.95769426801531"}]}},{"currentShapes2":{"thickness":"4.0","color":"-6750208","fillclr":"-3394765","pos":[{"x":"395.0"},{"y":"284.0"}],"pos2":[{"x2":"457.0"},{"y2":"358.0"}],"props":[{"thickness":"4.0"},{"type":"0.0"},{"radius":"34.132096331752024"}]}},{"currentShapes3":{"thickness":"4.0","color":"-6750208","fillclr":"-3394765","pos":[{"x":"389.0"},{"y":"331.0"}],"pos2":[{"x2":"453.0"},{"y2":"398.0"}],"props":[{"thickness":"4.0"},{"type":"0.0"},{"radius":"32.758586660599384"}]}},{"currentShapes4":{"thickness":"4.0","color":"-6750208","fillclr":"-3394765","pos":[{"x":"354.0"},{"y":"337.0"}],"pos2":[{"x2":"405.0"},{"y2":"406.0"}],"props":[{"thickness":"4.0"},{"type":"0.0"},{"radius":"30.335622624235025"}]}},{"currentShapes5":{"thickness":"4.0","color":"-6750208","fillclr":"-3394765","pos":[{"x":"332.0"},{"y":"310.0"}],"pos2":[{"x2":"389.0"},{"y2":"375.0"}],"props":[{"thickness":"4.0"},{"type":"0.0"},{"radius":"30.56550343115585"}]}},{"currentShapes6":{"thickness":"4.0","color":"-6750208","fillclr":"-3394765","pos":[{"x":"333.0"},{"y":"280.0"}],"pos2":[{"x2":"397.0"},{"y2":"339.0"}],"props":[{"thickness":"4.0"},{"type":"0.0"},{"radius":"30.775396016948346"}]}},{"currentShapes7":{"thickness":"4.0","color":"-6750208","fillclr":"-16777216","pos":[{"x":"369.0"},{"y":"303.0"}],"pos2":[{"x2":"429.0"},{"y2":"355.0"}],"props":[{"thickness":"4.0"},{"type":"0.0"},{"radius":"28.071337695236398"}]}},{"currentShapes8":{"thickness":"4.0","color":"-6750208","fillclr":"-11698099","pos":[{"x":"403.0"},{"y":"394.0"}],"pos2":[{"x2":"405.0"},{"y2":"502.0"}],"props":[{"LENGTH":"108.01851693112621"},{"lineAngle":"1.5522799247268875"},{"type":"2.0"}]}},{"currentShapes9":{"thickness":"4.0","color":"-15053542","fillclr":"-11698099","pos":[{"x":"403.0"},{"y":"419.0"}],"pos2":[{"x2":"455.0"},{"y2":"450.0"}],"props":[{"MINOR_AXIS":"31.0"},{"MAJOR_AXIS":"52.0"},{"type":"4.0"}]}},{"currentShapes10":{"thickness":"4.0","color":"1723674","fillclr":"2026694399","pos":[{"x":"444.0"},{"y":"89.0"}],"pos2":[{"x2":"470.0"},{"y2":"129.0"}],"props":[{"SIDE_COUNT":"5.0"},{"SIDE_LENGTH":"56.08346139108427"},{"ANGLE":"72.0"},{"type":"3.0"}]}},{"currentShapes11":{"thickness":"4.0","color":"1723674","fillclr":"2026694399","pos":[{"x":"283.0"},{"y":"151.0"}],"pos2":[{"x2":"322.0"},{"y2":"185.0"}],"props":[{"SIDE_COUNT":"5.0"},{"SIDE_LENGTH":"60.82370436036046"},{"ANGLE":"72.0"},{"type":"3.0"}]}},{"currentShapes12":{"thickness":"4.0","color":"1723674","fillclr":"2026694399","pos":[{"x":"592.0"},{"y":"149.0"}],"pos2":[{"x2":"629.0"},{"y2":"185.0"}],"props":[{"SIDE_COUNT":"6.0"},{"SIDE_LENGTH":"51.62363799656122"},{"ANGLE":"60.0"},{"type":"3.0"}]}},{"currentShapes13":{"thickness":"4.0","color":"1723674","fillclr":"2026694399","pos":[{"x":"90.0"},{"y":"285.0"}],"pos2":[{"x2":"139.0"},{"y2":"337.0"}],"props":[{"SIDE_COUNT":"6.0"},{"SIDE_LENGTH":"71.44928271158498"},{"ANGLE":"60.0"},{"type":"3.0"}]}},{"currentShapes14":{"thickness":"4.0","color":"1723674","fillclr":"2026694399","pos":[{"x":"622.0"},{"y":"344.0"}],"pos2":[{"x2":"648.0"},{"y2":"357.0"}],"props":[{"SIDE_COUNT":"6.0"},{"SIDE_LENGTH":"29.068883707497264"},{"ANGLE":"60.0"},{"type":"3.0"}]}},{"currentShapes15":{"thickness":"4.0","color":"1723674","fillclr":"2026694399","pos":[{"x":"581.0"},{"y":"419.0"}],"pos2":[{"x2":"597.0"},{"y2":"447.0"}],"props":[{"SIDE_COUNT":"6.0"},{"SIDE_LENGTH":"32.24903099319419"},{"ANGLE":"60.0"},{"type":"3.0"}]}},{"currentShapes16":{"thickness":"4.0","color":"1723674","fillclr":"2026694399","pos":[{"x":"212.0"},{"y":"339.0"}],"pos2":[{"x2":"193.0"},{"y2":"410.0"}],"props":[{"SIDE_COUNT":"6.0"},{"SIDE_LENGTH":"73.49829930005183"},{"ANGLE":"60.0"},{"type":"3.0"}]}},{"currentShapes17":{"thickness":"4.0","color":"1723674","fillclr":"2026694399","pos":[{"x":"414.0"},{"y":"217.0"}],"pos2":[{"x2":"452.0"},{"y2":"247.0"}],"props":[{"SIDE_COUNT":"6.0"},{"SIDE_LENGTH":"48.41487374764081"},{"ANGLE":"60.0"},{"type":"3.0"}]}},{"currentShapes18":{"thickness":"4.0","color":"1723674","fillclr":"-179","pos":[{"x":"124.0"},{"y":"19.0"}],"pos2":[{"x2":"169.0"},{"y2":"34.0"}],"props":[{"LENGTH":"47.43416490252569"},{"lineAngle":"0.3217505543966422"},{"type":"2.0"}]}},{"currentShapes19":{"thickness":"4.0","color":"1723674","fillclr":"-179","pos":[{"x":"132.0"},{"y":"47.0"}],"pos2":[{"x2":"186.0"},{"y2":"74.0"}],"props":[{"LENGTH":"60.37383539249432"},{"lineAngle":"0.4636476090008061"},{"type":"2.0"}]}},{"currentShapes20":{"thickness":"4.0","color":"1723674","fillclr":"-179","pos":[{"x":"124.0"},{"y":"66.0"}],"pos2":[{"x2":"180.0"},{"y2":"115.0"}],"props":[{"LENGTH":"74.41102068914255"},{"lineAngle":"0.7188299996216245"},{"type":"2.0"}]}},{"currentShapes21":{"thickness":"4.0","color":"1723674","fillclr":"-179","pos":[{"x":"110.0"},{"y":"102.0"}],"pos2":[{"x2":"162.0"},{"y2":"158.0"}],"props":[{"LENGTH":"76.4198926981712"},{"lineAngle":"0.8224182792713783"},{"type":"2.0"}]}},{"currentShapes22":{"thickness":"4.0","color":"1723674","fillclr":"-179","pos":[{"x":"89.0"},{"y":"122.0"}],"pos2":[{"x2":"130.0"},{"y2":"187.0"}],"props":[{"LENGTH":"76.8505042273634"},{"lineAngle":"1.0080591040338134"},{"type":"2.0"}]}},{"currentShapes23":{"thickness":"4.0","color":"1723674","fillclr":"-179","pos":[{"x":"66.0"},{"y":"131.0"}],"pos2":[{"x2":"82.0"},{"y2":"207.0"}],"props":[{"LENGTH":"77.6659513557904"},{"lineAngle":"1.363300100359694"},{"type":"2.0"}]}},{"currentShapes24":{"thickness":"4.0","color":"1723674","fillclr":"-179","pos":[{"x":"30.0"},{"y":"127.0"}],"pos2":[{"x2":"30.0"},{"y2":"213.0"}],"props":[{"LENGTH":"86.0"},{"lineAngle":"1.5707963267948966"},{"type":"2.0"}]}}]}}