<?xml version="1.0" encoding="ISO-8859-1"?><java class="java.beans.XMLDecoder" version="1.8.0_121"><object class="java.util.LinkedList"><void method="add"><object class="eg.edu.alexu.csd.oop.draw.shapes.Circle" id="Circle0"><void class="eg.edu.alexu.csd.oop.draw.cs37_54.MyShape" method="getField"><string>layer</string><void method="set"><object idref="Circle0"/><object class="javafx.scene.layout.HBox"><void property="alignment"><object class="java.lang.Enum" id="Pos0" method="valueOf"><class>javafx.geometry.Pos</class><string>CENTER_LEFT</string></object></void><void property="layoutX"><double>6.0</double></void><void property="layoutY"><double>819.0</double></void><void property="prefHeight"><double>40.0</double></void><void property="prefWidth"><double>286.0</double></void></object></void></void><void property="color"><object class="java.awt.Color"><int>230</int><int>128</int><int>77</int><int>255</int></object></void><void id="Point0" property="endPoint"><void class="java.awt.Point" method="getField"><string>x</string><void method="set"><object idref="Point0"/><int>141</int></void></void><void class="java.awt.Point" method="getField"><string>y</string><void method="set"><object idref="Point0"/><int>142</int></void></void></void><void property="fillColor"><object class="java.awt.Color"><int>255</int><int>255</int><int>77</int><int>255</int></object></void><void id="Point1" property="position"><void class="java.awt.Point" method="getField"><string>x</string><void method="set"><object idref="Point1"/><int>-38</int></void></void><void class="java.awt.Point" method="getField"><string>y</string><void method="set"><object idref="Point1"/><int>-39</int></void></void></void><void property="properties"><void method="put"><string>thickness</string><double>4.0</double></void><void method="put"><string>radius</string><double>90.00138887817232</double></void></void><void property="thickness"><double>4.0</double></void></object></void><void method="add"><object class="eg.edu.alexu.csd.oop.draw.shapes.Circle" id="Circle1"><void class="eg.edu.alexu.csd.oop.draw.cs37_54.MyShape" method="getField"><string>layer</string><void method="set"><object idref="Circle1"/><object class="javafx.scene.layout.HBox"><void property="alignment"><object idref="Pos0"/></void><void property="layoutX"><double>6.0</double></void><void property="layoutY"><double>785.0</double></void><void property="prefHeight"><double>40.0</double></void><void property="prefWidth"><double>286.0</double></void></object></void></void><void property="color"><object class="java.awt.Color"><int>153</int><int>0</int><int>0</int><int>255</int></object></void><void id="Point2" property="endPoint"><void class="java.awt.Point" method="getField"><string>x</string><void method="set"><object idref="Point2"/><int>416</int></void></void><void class="java.awt.Point" method="getField"><string>y</string><void method="set"><object idref="Point2"/><int>338</int></void></void></void><void property="fillColor"><object class="java.awt.Color"><int>204</int><int>51</int><int>51</int><int>255</int></object></void><void id="Point3" property="position"><void class="java.awt.Point" method="getField"><string>x</string><void method="set"><object idref="Point3"/><int>356</int></void></void><void class="java.awt.Point" method="getField"><string>y</string><void method="set"><object idref="Point3"/><int>263</int></void></void></void><void property="properties"><void method="put"><string>thickness</string><double>4.0</double></void><void method="put"><string>radius</string><double>33.95769426801531</double></void></void><void property="thickness"><double>4.0</double></void></object></void><void method="add"><object class="eg.edu.alexu.csd.oop.draw.shapes.Circle" id="Circle2"><void class="eg.edu.alexu.csd.oop.draw.cs37_54.MyShape" method="getField"><string>layer</string><void method="set"><object idref="Circle2"/><object class="javafx.scene.layout.HBox"><void property="alignment"><object idref="Pos0"/></void><void property="layoutX"><double>6.0</double></void><void property="layoutY"><double>751.0</double></void><void property="prefHeight"><double>40.0</double></void><void property="prefWidth"><double>286.0</double></void></object></void></void><void property="color"><object class="java.awt.Color"><int>153</int><int>0</int><int>0</int><int>255</int></object></void><void id="Point4" property="endPoint"><void class="java.awt.Point" method="getField"><string>x</string><void method="set"><object idref="Point4"/><int>457</int></void></void><void class="java.awt.Point" method="getField"><string>y</string><void method="set"><object idref="Point4"/><int>358</int></void></void></void><void property="fillColor"><object class="java.awt.Color"><int>204</int><int>51</int><int>51</int><int>255</int></object></void><void id="Point5" property="position"><void class="java.awt.Point" method="getField"><string>x</string><void method="set"><object idref="Point5"/><int>395</int></void></void><void class="java.awt.Point" method="getField"><string>y</string><void method="set"><object idref="Point5"/><int>284</int></void></void></void><void property="properties"><void method="put"><string>thickness</string><double>4.0</double></void><void method="put"><string>radius</string><double>34.132096331752024</double></void></void><void property="thickness"><double>4.0</double></void></object></void><void method="add"><object class="eg.edu.alexu.csd.oop.draw.shapes.Circle" id="Circle3"><void class="eg.edu.alexu.csd.oop.draw.cs37_54.MyShape" method="getField"><string>layer</string><void method="set"><object idref="Circle3"/><object class="javafx.scene.layout.HBox"><void property="alignment"><object idref="Pos0"/></void><void property="layoutX"><double>6.0</double></void><void property="layoutY"><double>717.0</double></void><void property="prefHeight"><double>40.0</double></void><void property="prefWidth"><double>286.0</double></void></object></void></void><void property="color"><object class="java.awt.Color"><int>153</int><int>0</int><int>0</int><int>255</int></object></void><void id="Point6" property="endPoint"><void class="java.awt.Point" method="getField"><string>x</string><void method="set"><object idref="Point6"/><int>453</int></void></void><void class="java.awt.Point" method="getField"><string>y</string><void method="set"><object idref="Point6"/><int>398</int></void></void></void><void property="fillColor"><object class="java.awt.Color"><int>204</int><int>51</int><int>51</int><int>255</int></object></void><void id="Point7" property="position"><void class="java.awt.Point" method="getField"><string>x</string><void method="set"><object idref="Point7"/><int>389</int></void></void><void class="java.awt.Point" method="getField"><string>y</string><void method="set"><object idref="Point7"/><int>331</int></void></void></void><void property="properties"><void method="put"><string>thickness</string><double>4.0</double></void><void method="put"><string>radius</string><double>32.758586660599384</double></void></void><void property="thickness"><double>4.0</double></void></object></void><void method="add"><object class="eg.edu.alexu.csd.oop.draw.shapes.Circle" id="Circle4"><void class="eg.edu.alexu.csd.oop.draw.cs37_54.MyShape" method="getField"><string>layer</string><void method="set"><object idref="Circle4"/><object class="javafx.scene.layout.HBox"><void property="alignment"><object idref="Pos0"/></void><void property="layoutX"><double>6.0</double></void><void property="layoutY"><double>683.0</double></void><void property="prefHeight"><double>40.0</double></void><void property="prefWidth"><double>286.0</double></void></object></void></void><void property="color"><object class="java.awt.Color"><int>153</int><int>0</int><int>0</int><int>255</int></object></void><void id="Point8" property="endPoint"><void class="java.awt.Point" method="getField"><string>x</string><void method="set"><object idref="Point8"/><int>405</int></void></void><void class="java.awt.Point" method="getField"><string>y</string><void method="set"><object idref="Point8"/><int>406</int></void></void></void><void property="fillColor"><object class="java.awt.Color"><int>204</int><int>51</int><int>51</int><int>255</int></object></void><void id="Point9" property="position"><void class="java.awt.Point" method="getField"><string>x</string><void method="set"><object idref="Point9"/><int>354</int></void></void><void class="java.awt.Point" method="getField"><string>y</string><void method="set"><object idref="Point9"/><int>337</int></void></void></void><void property="properties"><void method="put"><string>thickness</string><double>4.0</double></void><void method="put"><string>radius</string><double>30.335622624235025</double></void></void><void property="thickness"><double>4.0</double></void></object></void><void method="add"><object class="eg.edu.alexu.csd.oop.draw.shapes.Circle" id="Circle5"><void class="eg.edu.alexu.csd.oop.draw.cs37_54.MyShape" method="getField"><string>layer</string><void method="set"><object idref="Circle5"/><object class="javafx.scene.layout.HBox"><void property="alignment"><object idref="Pos0"/></void><void property="layoutX"><double>6.0</double></void><void property="layoutY"><double>649.0</double></void><void property="prefHeight"><double>40.0</double></void><void property="prefWidth"><double>286.0</double></void></object></void></void><void property="color"><object class="java.awt.Color"><int>153</int><int>0</int><int>0</int><int>255</int></object></void><void id="Point10" property="endPoint"><void class="java.awt.Point" method="getField"><string>x</string><void method="set"><object idref="Point10"/><int>389</int></void></void><void class="java.awt.Point" method="getField"><string>y</string><void method="set"><object idref="Point10"/><int>375</int></void></void></void><void property="fillColor"><object class="java.awt.Color"><int>204</int><int>51</int><int>51</int><int>255</int></object></void><void id="Point11" property="position"><void class="java.awt.Point" method="getField"><string>x</string><void method="set"><object idref="Point11"/><int>332</int></void></void><void class="java.awt.Point" method="getField"><string>y</string><void method="set"><object idref="Point11"/><int>310</int></void></void></void><void property="properties"><void method="put"><string>thickness</string><double>4.0</double></void><void method="put"><string>radius</string><double>30.56550343115585</double></void></void><void property="thickness"><double>4.0</double></void></object></void><void method="add"><object class="eg.edu.alexu.csd.oop.draw.shapes.Circle" id="Circle6"><void class="eg.edu.alexu.csd.oop.draw.cs37_54.MyShape" method="getField"><string>layer</string><void method="set"><object idref="Circle6"/><object class="javafx.scene.layout.HBox"><void property="alignment"><object idref="Pos0"/></void><void property="layoutX"><double>6.0</double></void><void property="layoutY"><double>615.0</double></void><void property="prefHeight"><double>40.0</double></void><void property="prefWidth"><double>286.0</double></void></object></void></void><void property="color"><object class="java.awt.Color"><int>153</int><int>0</int><int>0</int><int>255</int></object></void><void id="Point12" property="endPoint"><void class="java.awt.Point" method="getField"><string>x</string><void method="set"><object idref="Point12"/><int>397</int></void></void><void class="java.awt.Point" method="getField"><string>y</string><void method="set"><object idref="Point12"/><int>339</int></void></void></void><void property="fillColor"><object class="java.awt.Color"><int>204</int><int>51</int><int>51</int><int>255</int></object></void><void id="Point13" property="position"><void class="java.awt.Point" method="getField"><string>x</string><void method="set"><object idref="Point13"/><int>333</int></void></void><void class="java.awt.Point" method="getField"><string>y</string><void method="set"><object idref="Point13"/><int>280</int></void></void></void><void property="properties"><void method="put"><string>thickness</string><double>4.0</double></void><void method="put"><string>radius</string><double>30.775396016948346</double></void></void><void property="thickness"><double>4.0</double></void></object></void><void method="add"><object class="eg.edu.alexu.csd.oop.draw.shapes.Circle" id="Circle7"><void class="eg.edu.alexu.csd.oop.draw.cs37_54.MyShape" method="getField"><string>layer</string><void method="set"><object idref="Circle7"/><object class="javafx.scene.layout.HBox"><void property="alignment"><object idref="Pos0"/></void><void property="layoutX"><double>6.0</double></void><void property="layoutY"><double>581.0</double></void><void property="prefHeight"><double>40.0</double></void><void property="prefWidth"><double>286.0</double></void></object></void></void><void property="color"><object class="java.awt.Color"><int>153</int><int>0</int><int>0</int><int>255</int></object></void><void id="Point14" property="endPoint"><void class="java.awt.Point" method="getField"><string>x</string><void method="set"><object idref="Point14"/><int>429</int></void></void><void class="java.awt.Point" method="getField"><string>y</string><void method="set"><object idref="Point14"/><int>355</int></void></void></void><void property="fillColor"><object class="java.awt.Color"><int>0</int><int>0</int><int>0</int><int>255</int></object></void><void id="Point15" property="position"><void class="java.awt.Point" method="getField"><string>x</string><void method="set"><object idref="Point15"/><int>369</int></void></void><void class="java.awt.Point" method="getField"><string>y</string><void method="set"><object idref="Point15"/><int>303</int></void></void></void><void property="properties"><void method="put"><string>thickness</string><double>4.0</double></void><void method="put"><string>radius</string><double>28.071337695236398</double></void></void><void property="thickness"><double>4.0</double></void></object></void><void method="add"><object class="eg.edu.alexu.csd.oop.draw.shapes.Line" id="Line0"><void class="eg.edu.alexu.csd.oop.draw.cs37_54.MyShape" method="getField"><string>layer</string><void method="set"><object idref="Line0"/><object class="javafx.scene.layout.HBox"><void property="alignment"><object idref="Pos0"/></void><void property="layoutX"><double>6.0</double></void><void property="layoutY"><double>547.0</double></void><void property="prefHeight"><double>40.0</double></void><void property="prefWidth"><double>286.0</double></void></object></void></void><void property="color"><object class="java.awt.Color"><int>153</int><int>0</int><int>0</int><int>255</int></object></void><void id="Point16" property="endPoint"><void class="java.awt.Point" method="getField"><string>x</string><void method="set"><object idref="Point16"/><int>405</int></void></void><void class="java.awt.Point" method="getField"><string>y</string><void method="set"><object idref="Point16"/><int>502</int></void></void></void><void property="fillColor"><object class="java.awt.Color"><int>77</int><int>128</int><int>77</int><int>255</int></object></void><void id="Point17" property="position"><void class="java.awt.Point" method="getField"><string>x</string><void method="set"><object idref="Point17"/><int>403</int></void></void><void class="java.awt.Point" method="getField"><string>y</string><void method="set"><object idref="Point17"/><int>394</int></void></void></void><void property="properties"><void method="put"><string>LENGTH</string><double>108.01851693112621</double></void><void method="put"><string>lineAngle</string><double>1.5522799247268875</double></void></void><void property="thickness"><double>4.0</double></void></object></void><void method="add"><object class="eg.edu.alexu.csd.oop.draw.shapes.Oval" id="Oval0"><void class="eg.edu.alexu.csd.oop.draw.cs37_54.MyShape" method="getField"><string>layer</string><void method="set"><object idref="Oval0"/><object class="javafx.scene.layout.HBox"><void property="alignment"><object idref="Pos0"/></void><void property="layoutX"><double>6.0</double></void><void property="layoutY"><double>513.0</double></void><void property="prefHeight"><double>40.0</double></void><void property="prefWidth"><double>286.0</double></void></object></void></void><void property="color"><object class="java.awt.Color"><int>26</int><int>77</int><int>26</int><int>255</int></object></void><void id="Point18" property="endPoint"><void class="java.awt.Point" method="getField"><string>x</string><void method="set"><object idref="Point18"/><int>455</int></void></void><void class="java.awt.Point" method="getField"><string>y</string><void method="set"><object idref="Point18"/><int>450</int></void></void></void><void property="fillColor"><object class="java.awt.Color"><int>77</int><int>128</int><int>77</int><int>255</int></object></void><void id="Point19" property="position"><void class="java.awt.Point" method="getField"><string>x</string><void method="set"><object idref="Point19"/><int>403</int></void></void><void class="java.awt.Point" method="getField"><string>y</string><void method="set"><object idref="Point19"/><int>419</int></void></void></void><void property="properties"><void method="put"><string>MINOR_AXIS</string><double>31.0</double></void><void method="put"><string>MAJOR_AXIS</string><double>52.0</double></void></void><void property="thickness"><double>4.0</double></void></object></void><void method="add"><object class="eg.edu.alexu.csd.oop.draw.shapes.NSide" id="NSide0"><void class="eg.edu.alexu.csd.oop.draw.shapes.NSide" method="getField"><string>n</string><void method="set"><object idref="NSide0"/><int>5</int></void></void><void class="eg.edu.alexu.csd.oop.draw.cs37_54.MyShape" method="getField"><string>layer</string><void method="set"><object idref="NSide0"/><object class="javafx.scene.layout.HBox"><void property="alignment"><object idref="Pos0"/></void><void property="layoutX"><double>6.0</double></void><void property="layoutY"><double>479.0</double></void><void property="prefHeight"><double>40.0</double></void><void property="prefWidth"><double>286.0</double></void></object></void></void><void property="color"><object class="java.awt.Color"><int>26</int><int>77</int><int>26</int><int>0</int></object></void><void id="Point20" property="endPoint"><void class="java.awt.Point" method="getField"><string>x</string><void method="set"><object idref="Point20"/><int>470</int></void></void><void class="java.awt.Point" method="getField"><string>y</string><void method="set"><object idref="Point20"/><int>129</int></void></void></void><void property="fillColor"><object class="java.awt.Color"><int>204</int><int>230</int><int>255</int><int>120</int></object></void><void id="Point21" property="position"><void class="java.awt.Point" method="getField"><string>x</string><void method="set"><object idref="Point21"/><int>444</int></void></void><void class="java.awt.Point" method="getField"><string>y</string><void method="set"><object idref="Point21"/><int>89</int></void></void></void><void property="properties"><void method="put"><string>SIDE_LENGTH</string><double>56.08346139108427</double></void></void><void property="thickness"><double>4.0</double></void></object></void><void method="add"><object class="eg.edu.alexu.csd.oop.draw.shapes.NSide" id="NSide1"><void class="eg.edu.alexu.csd.oop.draw.shapes.NSide" method="getField"><string>n</string><void method="set"><object idref="NSide1"/><int>5</int></void></void><void class="eg.edu.alexu.csd.oop.draw.cs37_54.MyShape" method="getField"><string>layer</string><void method="set"><object idref="NSide1"/><object class="javafx.scene.layout.HBox"><void property="alignment"><object idref="Pos0"/></void><void property="layoutX"><double>6.0</double></void><void property="layoutY"><double>445.0</double></void><void property="prefHeight"><double>40.0</double></void><void property="prefWidth"><double>286.0</double></void></object></void></void><void property="color"><object class="java.awt.Color"><int>26</int><int>77</int><int>26</int><int>0</int></object></void><void id="Point22" property="endPoint"><void class="java.awt.Point" method="getField"><string>x</string><void method="set"><object idref="Point22"/><int>322</int></void></void><void class="java.awt.Point" method="getField"><string>y</string><void method="set"><object idref="Point22"/><int>185</int></void></void></void><void property="fillColor"><object class="java.awt.Color"><int>204</int><int>230</int><int>255</int><int>120</int></object></void><void id="Point23" property="position"><void class="java.awt.Point" method="getField"><string>x</string><void method="set"><object idref="Point23"/><int>283</int></void></void><void class="java.awt.Point" method="getField"><string>y</string><void method="set"><object idref="Point23"/><int>151</int></void></void></void><void property="properties"><void method="put"><string>SIDE_LENGTH</string><double>60.82370436036046</double></void></void><void property="thickness"><double>4.0</double></void></object></void><void method="add"><object class="eg.edu.alexu.csd.oop.draw.shapes.NSide" id="NSide2"><void class="eg.edu.alexu.csd.oop.draw.shapes.NSide" method="getField"><string>n</string><void method="set"><object idref="NSide2"/><int>6</int></void></void><void class="eg.edu.alexu.csd.oop.draw.cs37_54.MyShape" method="getField"><string>layer</string><void method="set"><object idref="NSide2"/><object class="javafx.scene.layout.HBox"><void property="alignment"><object idref="Pos0"/></void><void property="layoutX"><double>6.0</double></void><void property="layoutY"><double>411.0</double></void><void property="prefHeight"><double>40.0</double></void><void property="prefWidth"><double>286.0</double></void></object></void></void><void property="color"><object class="java.awt.Color"><int>26</int><int>77</int><int>26</int><int>0</int></object></void><void id="Point24" property="endPoint"><void class="java.awt.Point" method="getField"><string>x</string><void method="set"><object idref="Point24"/><int>629</int></void></void><void class="java.awt.Point" method="getField"><string>y</string><void method="set"><object idref="Point24"/><int>185</int></void></void></void><void property="fillColor"><object class="java.awt.Color"><int>204</int><int>230</int><int>255</int><int>120</int></object></void><void id="Point25" property="position"><void class="java.awt.Point" method="getField"><string>x</string><void method="set"><object idref="Point25"/><int>592</int></void></void><void class="java.awt.Point" method="getField"><string>y</string><void method="set"><object idref="Point25"/><int>149</int></void></void></void><void property="properties"><void method="put"><string>SIDE_COUNT</string><double>6.0</double></void><void method="put"><string>SIDE_LENGTH</string><double>51.62363799656122</double></void><void method="put"><string>ANGLE</string><double>60.0</double></void></void><void property="thickness"><double>4.0</double></void></object></void><void method="add"><object class="eg.edu.alexu.csd.oop.draw.shapes.NSide" id="NSide3"><void class="eg.edu.alexu.csd.oop.draw.shapes.NSide" method="getField"><string>n</string><void method="set"><object idref="NSide3"/><int>6</int></void></void><void class="eg.edu.alexu.csd.oop.draw.cs37_54.MyShape" method="getField"><string>layer</string><void method="set"><object idref="NSide3"/><object class="javafx.scene.layout.HBox"><void property="alignment"><object idref="Pos0"/></void><void property="layoutX"><double>6.0</double></void><void property="layoutY"><double>377.0</double></void><void property="prefHeight"><double>40.0</double></void><void property="prefWidth"><double>286.0</double></void></object></void></void><void property="color"><object class="java.awt.Color"><int>26</int><int>77</int><int>26</int><int>0</int></object></void><void id="Point26" property="endPoint"><void class="java.awt.Point" method="getField"><string>x</string><void method="set"><object idref="Point26"/><int>139</int></void></void><void class="java.awt.Point" method="getField"><string>y</string><void method="set"><object idref="Point26"/><int>337</int></void></void></void><void property="fillColor"><object class="java.awt.Color"><int>204</int><int>230</int><int>255</int><int>120</int></object></void><void id="Point27" property="position"><void class="java.awt.Point" method="getField"><string>x</string><void method="set"><object idref="Point27"/><int>90</int></void></void><void class="java.awt.Point" method="getField"><string>y</string><void method="set"><object idref="Point27"/><int>285</int></void></void></void><void property="properties"><void method="put"><string>SIDE_COUNT</string><double>6.0</double></void><void method="put"><string>SIDE_LENGTH</string><double>71.44928271158498</double></void><void method="put"><string>ANGLE</string><double>60.0</double></void></void><void property="thickness"><double>4.0</double></void></object></void><void method="add"><object class="eg.edu.alexu.csd.oop.draw.shapes.NSide" id="NSide4"><void class="eg.edu.alexu.csd.oop.draw.shapes.NSide" method="getField"><string>n</string><void method="set"><object idref="NSide4"/><int>6</int></void></void><void class="eg.edu.alexu.csd.oop.draw.cs37_54.MyShape" method="getField"><string>layer</string><void method="set"><object idref="NSide4"/><object class="javafx.scene.layout.HBox"><void property="alignment"><object idref="Pos0"/></void><void property="layoutX"><double>6.0</double></void><void property="layoutY"><double>343.0</double></void><void property="prefHeight"><double>40.0</double></void><void property="prefWidth"><double>286.0</double></void></object></void></void><void property="color"><object class="java.awt.Color"><int>26</int><int>77</int><int>26</int><int>0</int></object></void><void id="Point28" property="endPoint"><void class="java.awt.Point" method="getField"><string>x</string><void method="set"><object idref="Point28"/><int>648</int></void></void><void class="java.awt.Point" method="getField"><string>y</string><void method="set"><object idref="Point28"/><int>357</int></void></void></void><void property="fillColor"><object class="java.awt.Color"><int>204</int><int>230</int><int>255</int><int>120</int></object></void><void id="Point29" property="position"><void class="java.awt.Point" method="getField"><string>x</string><void method="set"><object idref="Point29"/><int>622</int></void></void><void class="java.awt.Point" method="getField"><string>y</string><void method="set"><object idref="Point29"/><int>344</int></void></void></void><void property="properties"><void method="put"><string>SIDE_COUNT</string><double>6.0</double></void><void method="put"><string>SIDE_LENGTH</string><double>29.068883707497264</double></void><void method="put"><string>ANGLE</string><double>60.0</double></void></void><void property="thickness"><double>4.0</double></void></object></void><void method="add"><object class="eg.edu.alexu.csd.oop.draw.shapes.NSide" id="NSide5"><void class="eg.edu.alexu.csd.oop.draw.shapes.NSide" method="getField"><string>n</string><void method="set"><object idref="NSide5"/><int>6</int></void></void><void class="eg.edu.alexu.csd.oop.draw.cs37_54.MyShape" method="getField"><string>layer</string><void method="set"><object idref="NSide5"/><object class="javafx.scene.layout.HBox"><void property="alignment"><object idref="Pos0"/></void><void property="layoutX"><double>6.0</double></void><void property="layoutY"><double>309.0</double></void><void property="prefHeight"><double>40.0</double></void><void property="prefWidth"><double>286.0</double></void></object></void></void><void property="color"><object class="java.awt.Color"><int>26</int><int>77</int><int>26</int><int>0</int></object></void><void id="Point30" property="endPoint"><void class="java.awt.Point" method="getField"><string>x</string><void method="set"><object idref="Point30"/><int>597</int></void></void><void class="java.awt.Point" method="getField"><string>y</string><void method="set"><object idref="Point30"/><int>447</int></void></void></void><void property="fillColor"><object class="java.awt.Color"><int>204</int><int>230</int><int>255</int><int>120</int></object></void><void id="Point31" property="position"><void class="java.awt.Point" method="getField"><string>x</string><void method="set"><object idref="Point31"/><int>581</int></void></void><void class="java.awt.Point" method="getField"><string>y</string><void method="set"><object idref="Point31"/><int>419</int></void></void></void><void property="properties"><void method="put"><string>SIDE_COUNT</string><double>6.0</double></void><void method="put"><string>SIDE_LENGTH</string><double>32.24903099319419</double></void><void method="put"><string>ANGLE</string><double>60.0</double></void></void><void property="thickness"><double>4.0</double></void></object></void><void method="add"><object class="eg.edu.alexu.csd.oop.draw.shapes.NSide" id="NSide6"><void class="eg.edu.alexu.csd.oop.draw.shapes.NSide" method="getField"><string>n</string><void method="set"><object idref="NSide6"/><int>6</int></void></void><void class="eg.edu.alexu.csd.oop.draw.cs37_54.MyShape" method="getField"><string>layer</string><void method="set"><object idref="NSide6"/><object class="javafx.scene.layout.HBox"><void property="alignment"><object idref="Pos0"/></void><void property="layoutX"><double>6.0</double></void><void property="layoutY"><double>275.0</double></void><void property="prefHeight"><double>40.0</double></void><void property="prefWidth"><double>286.0</double></void></object></void></void><void property="color"><object class="java.awt.Color"><int>26</int><int>77</int><int>26</int><int>0</int></object></void><void id="Point32" property="endPoint"><void class="java.awt.Point" method="getField"><string>x</string><void method="set"><object idref="Point32"/><int>193</int></void></void><void class="java.awt.Point" method="getField"><string>y</string><void method="set"><object idref="Point32"/><int>410</int></void></void></void><void property="fillColor"><object class="java.awt.Color"><int>204</int><int>230</int><int>255</int><int>120</int></object></void><void id="Point33" property="position"><void class="java.awt.Point" method="getField"><string>x</string><void method="set"><object idref="Point33"/><int>212</int></void></void><void class="java.awt.Point" method="getField"><string>y</string><void method="set"><object idref="Point33"/><int>339</int></void></void></void><void property="properties"><void method="put"><string>SIDE_COUNT</string><double>6.0</double></void><void method="put"><string>SIDE_LENGTH</string><double>73.49829930005183</double></void><void method="put"><string>ANGLE</string><double>60.0</double></void></void><void property="thickness"><double>4.0</double></void></object></void><void method="add"><object class="eg.edu.alexu.csd.oop.draw.shapes.NSide" id="NSide7"><void class="eg.edu.alexu.csd.oop.draw.shapes.NSide" method="getField"><string>n</string><void method="set"><object idref="NSide7"/><int>6</int></void></void><void class="eg.edu.alexu.csd.oop.draw.cs37_54.MyShape" method="getField"><string>layer</string><void method="set"><object idref="NSide7"/><object class="javafx.scene.layout.HBox"><void property="alignment"><object idref="Pos0"/></void><void property="layoutX"><double>6.0</double></void><void property="layoutY"><double>241.0</double></void><void property="prefHeight"><double>40.0</double></void><void property="prefWidth"><double>286.0</double></void></object></void></void><void property="color"><object class="java.awt.Color"><int>26</int><int>77</int><int>26</int><int>0</int></object></void><void id="Point34" property="endPoint"><void class="java.awt.Point" method="getField"><string>x</string><void method="set"><object idref="Point34"/><int>452</int></void></void><void class="java.awt.Point" method="getField"><string>y</string><void method="set"><object idref="Point34"/><int>247</int></void></void></void><void property="fillColor"><object class="java.awt.Color"><int>204</int><int>230</int><int>255</int><int>120</int></object></void><void id="Point35" property="position"><void class="java.awt.Point" method="getField"><string>x</string><void method="set"><object idref="Point35"/><int>414</int></void></void><void class="java.awt.Point" method="getField"><string>y</string><void method="set"><object idref="Point35"/><int>217</int></void></void></void><void property="properties"><void method="put"><string>SIDE_COUNT</string><double>6.0</double></void><void method="put"><string>SIDE_LENGTH</string><double>48.41487374764081</double></void><void method="put"><string>ANGLE</string><double>60.0</double></void></void><void property="thickness"><double>4.0</double></void></object></void><void method="add"><object class="eg.edu.alexu.csd.oop.draw.shapes.Line" id="Line1"><void class="eg.edu.alexu.csd.oop.draw.cs37_54.MyShape" method="getField"><string>layer</string><void method="set"><object idref="Line1"/><object class="javafx.scene.layout.HBox"><void property="alignment"><object idref="Pos0"/></void><void property="layoutX"><double>6.0</double></void><void property="layoutY"><double>207.0</double></void><void property="prefHeight"><double>40.0</double></void><void property="prefWidth"><double>286.0</double></void></object></void></void><void property="color"><object class="java.awt.Color"><int>26</int><int>77</int><int>26</int><int>0</int></object></void><void id="Point36" property="endPoint"><void class="java.awt.Point" method="getField"><string>x</string><void method="set"><object idref="Point36"/><int>169</int></void></void><void class="java.awt.Point" method="getField"><string>y</string><void method="set"><object idref="Point36"/><int>34</int></void></void></void><void property="fillColor"><object class="java.awt.Color"><int>255</int><int>255</int><int>77</int><int>255</int></object></void><void id="Point37" property="position"><void class="java.awt.Point" method="getField"><string>x</string><void method="set"><object idref="Point37"/><int>124</int></void></void><void class="java.awt.Point" method="getField"><string>y</string><void method="set"><object idref="Point37"/><int>19</int></void></void></void><void property="properties"><void method="put"><string>LENGTH</string><double>47.43416490252569</double></void><void method="put"><string>lineAngle</string><double>0.3217505543966422</double></void></void><void property="thickness"><double>4.0</double></void></object></void><void method="add"><object class="eg.edu.alexu.csd.oop.draw.shapes.Line" id="Line2"><void class="eg.edu.alexu.csd.oop.draw.cs37_54.MyShape" method="getField"><string>layer</string><void method="set"><object idref="Line2"/><object class="javafx.scene.layout.HBox"><void property="alignment"><object idref="Pos0"/></void><void property="layoutX"><double>6.0</double></void><void property="layoutY"><double>173.0</double></void><void property="prefHeight"><double>40.0</double></void><void property="prefWidth"><double>286.0</double></void></object></void></void><void property="color"><object class="java.awt.Color"><int>26</int><int>77</int><int>26</int><int>0</int></object></void><void id="Point38" property="endPoint"><void class="java.awt.Point" method="getField"><string>x</string><void method="set"><object idref="Point38"/><int>186</int></void></void><void class="java.awt.Point" method="getField"><string>y</string><void method="set"><object idref="Point38"/><int>74</int></void></void></void><void property="fillColor"><object class="java.awt.Color"><int>255</int><int>255</int><int>77</int><int>255</int></object></void><void id="Point39" property="position"><void class="java.awt.Point" method="getField"><string>x</string><void method="set"><object idref="Point39"/><int>132</int></void></void><void class="java.awt.Point" method="getField"><string>y</string><void method="set"><object idref="Point39"/><int>47</int></void></void></void><void property="properties"><void method="put"><string>LENGTH</string><double>60.37383539249432</double></void><void method="put"><string>lineAngle</string><double>0.4636476090008061</double></void></void><void property="thickness"><double>4.0</double></void></object></void><void method="add"><object class="eg.edu.alexu.csd.oop.draw.shapes.Line" id="Line3"><void class="eg.edu.alexu.csd.oop.draw.cs37_54.MyShape" method="getField"><string>layer</string><void method="set"><object idref="Line3"/><object class="javafx.scene.layout.HBox"><void property="alignment"><object idref="Pos0"/></void><void property="layoutX"><double>6.0</double></void><void property="layoutY"><double>139.0</double></void><void property="prefHeight"><double>40.0</double></void><void property="prefWidth"><double>286.0</double></void></object></void></void><void property="color"><object class="java.awt.Color"><int>26</int><int>77</int><int>26</int><int>0</int></object></void><void id="Point40" property="endPoint"><void class="java.awt.Point" method="getField"><string>x</string><void method="set"><object idref="Point40"/><int>180</int></void></void><void class="java.awt.Point" method="getField"><string>y</string><void method="set"><object idref="Point40"/><int>115</int></void></void></void><void property="fillColor"><object class="java.awt.Color"><int>255</int><int>255</int><int>77</int><int>255</int></object></void><void id="Point41" property="position"><void class="java.awt.Point" method="getField"><string>x</string><void method="set"><object idref="Point41"/><int>124</int></void></void><void class="java.awt.Point" method="getField"><string>y</string><void method="set"><object idref="Point41"/><int>66</int></void></void></void><void property="properties"><void method="put"><string>LENGTH</string><double>74.41102068914255</double></void><void method="put"><string>lineAngle</string><double>0.7188299996216245</double></void></void><void property="thickness"><double>4.0</double></void></object></void><void method="add"><object class="eg.edu.alexu.csd.oop.draw.shapes.Line" id="Line4"><void class="eg.edu.alexu.csd.oop.draw.cs37_54.MyShape" method="getField"><string>layer</string><void method="set"><object idref="Line4"/><object class="javafx.scene.layout.HBox"><void property="alignment"><object idref="Pos0"/></void><void property="layoutX"><double>6.0</double></void><void property="layoutY"><double>105.0</double></void><void property="prefHeight"><double>40.0</double></void><void property="prefWidth"><double>286.0</double></void></object></void></void><void property="color"><object class="java.awt.Color"><int>26</int><int>77</int><int>26</int><int>0</int></object></void><void id="Point42" property="endPoint"><void class="java.awt.Point" method="getField"><string>x</string><void method="set"><object idref="Point42"/><int>162</int></void></void><void class="java.awt.Point" method="getField"><string>y</string><void method="set"><object idref="Point42"/><int>158</int></void></void></void><void property="fillColor"><object class="java.awt.Color"><int>255</int><int>255</int><int>77</int><int>255</int></object></void><void id="Point43" property="position"><void class="java.awt.Point" method="getField"><string>x</string><void method="set"><object idref="Point43"/><int>110</int></void></void><void class="java.awt.Point" method="getField"><string>y</string><void method="set"><object idref="Point43"/><int>102</int></void></void></void><void property="properties"><void method="put"><string>LENGTH</string><double>76.4198926981712</double></void><void method="put"><string>lineAngle</string><double>0.8224182792713783</double></void></void><void property="thickness"><double>4.0</double></void></object></void><void method="add"><object class="eg.edu.alexu.csd.oop.draw.shapes.Line" id="Line5"><void class="eg.edu.alexu.csd.oop.draw.cs37_54.MyShape" method="getField"><string>layer</string><void method="set"><object idref="Line5"/><object class="javafx.scene.layout.HBox"><void property="alignment"><object idref="Pos0"/></void><void property="layoutX"><double>6.0</double></void><void property="layoutY"><double>71.0</double></void><void property="prefHeight"><double>40.0</double></void><void property="prefWidth"><double>286.0</double></void></object></void></void><void property="color"><object class="java.awt.Color"><int>26</int><int>77</int><int>26</int><int>0</int></object></void><void id="Point44" property="endPoint"><void class="java.awt.Point" method="getField"><string>x</string><void method="set"><object idref="Point44"/><int>130</int></void></void><void class="java.awt.Point" method="getField"><string>y</string><void method="set"><object idref="Point44"/><int>187</int></void></void></void><void property="fillColor"><object class="java.awt.Color"><int>255</int><int>255</int><int>77</int><int>255</int></object></void><void id="Point45" property="position"><void class="java.awt.Point" method="getField"><string>x</string><void method="set"><object idref="Point45"/><int>89</int></void></void><void class="java.awt.Point" method="getField"><string>y</string><void method="set"><object idref="Point45"/><int>122</int></void></void></void><void property="properties"><void method="put"><string>LENGTH</string><double>76.8505042273634</double></void><void method="put"><string>lineAngle</string><double>1.0080591040338134</double></void></void><void property="thickness"><double>4.0</double></void></object></void><void method="add"><object class="eg.edu.alexu.csd.oop.draw.shapes.Line" id="Line6"><void class="eg.edu.alexu.csd.oop.draw.cs37_54.MyShape" method="getField"><string>layer</string><void method="set"><object idref="Line6"/><object class="javafx.scene.layout.HBox"><void property="alignment"><object idref="Pos0"/></void><void property="layoutX"><double>6.0</double></void><void property="layoutY"><double>37.0</double></void><void property="prefHeight"><double>40.0</double></void><void property="prefWidth"><double>286.0</double></void></object></void></void><void property="color"><object class="java.awt.Color"><int>26</int><int>77</int><int>26</int><int>0</int></object></void><void id="Point46" property="endPoint"><void class="java.awt.Point" method="getField"><string>x</string><void method="set"><object idref="Point46"/><int>82</int></void></void><void class="java.awt.Point" method="getField"><string>y</string><void method="set"><object idref="Point46"/><int>207</int></void></void></void><void property="fillColor"><object class="java.awt.Color"><int>255</int><int>255</int><int>77</int><int>255</int></object></void><void id="Point47" property="position"><void class="java.awt.Point" method="getField"><string>x</string><void method="set"><object idref="Point47"/><int>66</int></void></void><void class="java.awt.Point" method="getField"><string>y</string><void method="set"><object idref="Point47"/><int>131</int></void></void></void><void property="properties"><void method="put"><string>LENGTH</string><double>77.6659513557904</double></void><void method="put"><string>lineAngle</string><double>1.363300100359694</double></void></void><void property="thickness"><double>4.0</double></void></object></void><void method="add"><object class="eg.edu.alexu.csd.oop.draw.shapes.Line" id="Line7"><void class="eg.edu.alexu.csd.oop.draw.cs37_54.MyShape" method="getField"><string>layer</string><void method="set"><object idref="Line7"/><object class="javafx.scene.layout.HBox"><void property="alignment"><object idref="Pos0"/></void><void property="layoutX"><double>6.0</double></void><void property="layoutY"><double>3.0</double></void><void property="prefHeight"><double>40.0</double></void><void property="prefWidth"><double>286.0</double></void></object></void></void><void property="color"><object class="java.awt.Color"><int>26</int><int>77</int><int>26</int><int>0</int></object></void><void id="Point48" property="endPoint"><void class="java.awt.Point" method="getField"><string>x</string><void method="set"><object idref="Point48"/><int>30</int></void></void><void class="java.awt.Point" method="getField"><string>y</string><void method="set"><object idref="Point48"/><int>213</int></void></void></void><void property="fillColor"><object class="java.awt.Color"><int>255</int><int>255</int><int>77</int><int>255</int></object></void><void id="Point49" property="position"><void class="java.awt.Point" method="getField"><string>x</string><void method="set"><object idref="Point49"/><int>30</int></void></void><void class="java.awt.Point" method="getField"><string>y</string><void method="set"><object idref="Point49"/><int>127</int></void></void></void><void property="properties"><void method="put"><string>LENGTH</string><double>86.0</double></void><void method="put"><string>lineAngle</string><double>1.5707963267948966</double></void></void><void property="thickness"><double>4.0</double></void></object></void></object></java>