{"MainObject":{"currentShapes":[{"currentShapes0":{"thickness":"2.0","color":"-16777216","fillclr":"-16776961","pos":[{"x":"49.0"},{"y":"87.0"}],"pos2":[{"x2":"170.0"},{"y2":"209.0"}],"props":[{"thickness":"2.0"},{"type":"0.0"},{"radius":"60.75051440111433"}]}},{"currentShapes1":{"thickness":"2.0","color":"-16777216","fillclr":"-16776961","pos":[{"x":"419.0"},{"y":"221.0"}],"pos2":[{"x2":"530.0"},{"y2":"295.0"}],"props":[{"SIDE_COUNT":"5.0"},{"SIDE_LENGTH":"156.82745009155167"},{"ANGLE":"72.0"},{"type":"3.0"}]}},{"currentShapes2":{"thickness":"2.0","color":"-16777216","fillclr":"-16776961","pos":[{"x":"188.0"},{"y":"286.0"}],"pos2":[{"x2":"314.0"},{"y2":"427.0"}],"props":[{"MINOR_AXIS":"126.0"},{"MAJOR_AXIS":"141.0"},{"type":"4.0"}]}},{"currentShapes3":{"thickness":"2.0","color":"-16777216","fillclr":"-1664691","pos":[{"x":"666.0"},{"y":"361.0"}],"pos2":[{"x2":"670.0"},{"y2":"439.0"}],"props":[{"SIDE_LENGTH_SQUARE":"110.4536101718726"},{"type":"6.0"}]}}]}}