<?xml version="1.0" encoding="ISO-8859-1"?><java class="java.beans.XMLDecoder" version="1.8.0_121"><object class="java.util.LinkedList"><void method="add"><object class="eg.edu.alexu.csd.oop.draw.shapes.Circle" id="Circle0"><void class="eg.edu.alexu.csd.oop.draw.cs37_54.MyShape" method="getField"><string>layer</string><void method="set"><object idref="Circle0"/><object class="javafx.scene.layout.HBox"><void property="alignment"><object class="java.lang.Enum" id="Pos0" method="valueOf"><class>javafx.geometry.Pos</class><string>CENTER_LEFT</string></object></void><void property="layoutX"><double>6.0</double></void><void property="layoutY"><double>45.0</double></void><void property="prefHeight"><double>40.0</double></void><void property="prefWidth"><double>286.0</double></void></object></void></void><void id="Point0" property="endPoint"><void class="java.awt.Point" method="getField"><string>x</string><void method="set"><object idref="Point0"/><int>229</int></void></void><void class="java.awt.Point" method="getField"><string>y</string><void method="set"><object idref="Point0"/><int>248</int></void></void></void><void property="fillColor"><object class="java.awt.Color"><int>0</int><int>0</int><int>255</int><int>255</int></object></void><void id="Point1" property="position"><void class="java.awt.Point" method="getField"><string>x</string><void method="set"><object idref="Point1"/><int>23</int></void></void><void class="java.awt.Point" method="getField"><string>y</string><void method="set"><object idref="Point1"/><int>113</int></void></void></void><void property="properties"><void method="put"><string>thickness</string><double>2.0</double></void><void method="put"><string>radius</string><double>87.07826939024454</double></void></void><void property="thickness"><double>2.0</double></void></object></void><void method="add"><object class="eg.edu.alexu.csd.oop.draw.shapes.Rectangle" id="Rectangle0"><void class="eg.edu.alexu.csd.oop.draw.cs37_54.MyShape" method="getField"><string>layer</string><void method="set"><object idref="Rectangle0"/><object class="javafx.scene.layout.HBox"><void property="alignment"><object idref="Pos0"/></void><void property="layoutX"><double>6.0</double></void><void property="layoutY"><double>3.0</double></void><void property="prefHeight"><double>40.0</double></void><void property="prefWidth"><double>286.0</double></void></object></void></void><void id="Point2" property="endPoint"><void class="java.awt.Point" method="getField"><string>x</string><void method="set"><object idref="Point2"/><int>632</int></void></void><void class="java.awt.Point" method="getField"><string>y</string><void method="set"><object idref="Point2"/><int>307</int></void></void></void><void property="fillColor"><object class="java.awt.Color"><int>0</int><int>0</int><int>255</int><int>255</int></object></void><void id="Point3" property="position"><void class="java.awt.Point" method="getField"><string>x</string><void method="set"><object idref="Point3"/><int>378</int></void></void><void class="java.awt.Point" method="getField"><string>y</string><void method="set"><object idref="Point3"/><int>129</int></void></void></void><void property="properties"><void method="put"><string>WIDTH</string><double>254.0</double></void><void method="put"><string>HEIGHT</string><double>178.0</double></void></void><void property="thickness"><double>2.0</double></void></object></void></object></java>