<?xml version="1.0" encoding="ISO-8859-1"?><java class="java.beans.XMLDecoder" version="1.8.0_121"><object class="java.util.LinkedList"><void method="add"><object class="eg.edu.alexu.csd.oop.draw.shapes.Line" id="Line0"><void class="eg.edu.alexu.csd.oop.draw.cs37_54.MyShape" method="getField"><string>layer</string><void method="set"><object idref="Line0"/><object class="javafx.scene.layout.HBox"><void property="alignment"><object class="java.lang.Enum" id="Pos0" method="valueOf"><class>javafx.geometry.Pos</class><string>CENTER_LEFT</string></object></void><void property="layoutX"><double>6.0</double></void><void property="layoutY"><double>241.0</double></void><void property="prefHeight"><double>40.0</double></void><void property="prefWidth"><double>286.0</double></void></object></void></void><void property="color"><object class="java.awt.Color"><int>26</int><int>0</int><int>104</int><int>255</int></object></void><void id="Point0" property="endPoint"><void class="java.awt.Point" method="getField"><string>x</string><void method="set"><object idref="Point0"/><int>318</int></void></void><void class="java.awt.Point" method="getField"><string>y</string><void method="set"><object idref="Point0"/><int>172</int></void></void></void><void property="fillColor"><object class="java.awt.Color"><int>77</int><int>128</int><int>77</int><int>255</int></object></void><void id="Point1" property="position"><void class="java.awt.Point" method="getField"><string>x</string><void method="set"><object idref="Point1"/><int>123</int></void></void><void class="java.awt.Point" method="getField"><string>y</string><void method="set"><object idref="Point1"/><int>86</int></void></void></void><void property="properties"><void method="put"><string>LENGTH</string><double>213.12203077110541</double></void><void method="put"><string>lineAngle</string><double>0.41536583331529897</double></void></void><void property="thickness"><double>5.0</double></void></object></void><void method="add"><object class="eg.edu.alexu.csd.oop.draw.shapes.Circle" id="Circle0"><void class="eg.edu.alexu.csd.oop.draw.cs37_54.MyShape" method="getField"><string>layer</string><void method="set"><object idref="Circle0"/><object class="javafx.scene.layout.HBox"><void property="alignment"><object idref="Pos0"/></void><void property="layoutX"><double>6.0</double></void><void property="layoutY"><double>201.0</double></void><void property="prefHeight"><double>40.0</double></void><void property="prefWidth"><double>286.0</double></void></object></void></void><void property="color"><object class="java.awt.Color"><int>26</int><int>0</int><int>104</int><int>255</int></object></void><void id="Point2" property="endPoint"><void class="java.awt.Point" method="getField"><string>x</string><void method="set"><object idref="Point2"/><int>691</int></void></void><void class="java.awt.Point" method="getField"><string>y</string><void method="set"><object idref="Point2"/><int>254</int></void></void></void><void property="fillColor"><object class="java.awt.Color"><int>77</int><int>128</int><int>77</int><int>255</int></object></void><void id="Point3" property="position"><void class="java.awt.Point" method="getField"><string>x</string><void method="set"><object idref="Point3"/><int>535</int></void></void><void class="java.awt.Point" method="getField"><string>y</string><void method="set"><object idref="Point3"/><int>99</int></void></void></void><void property="properties"><void method="put"><string>thickness</string><double>5.0</double></void><void method="put"><string>radius</string><double>77.75040192822156</double></void></void><void property="thickness"><double>5.0</double></void></object></void><void method="add"><object class="eg.edu.alexu.csd.oop.draw.shapes.NSide" id="NSide0"><void class="eg.edu.alexu.csd.oop.draw.shapes.NSide" method="getField"><string>n</string><void method="set"><object idref="NSide0"/><int>5</int></void></void><void class="eg.edu.alexu.csd.oop.draw.cs37_54.MyShape" method="getField"><string>layer</string><void method="set"><object idref="NSide0"/><object class="javafx.scene.layout.HBox"><void property="alignment"><object idref="Pos0"/></void><void property="layoutX"><double>6.0</double></void><void property="layoutY"><double>161.0</double></void><void property="prefHeight"><double>40.0</double></void><void property="prefWidth"><double>286.0</double></void></object></void></void><void property="color"><object class="java.awt.Color"><int>26</int><int>0</int><int>104</int><int>255</int></object></void><void id="Point4" property="endPoint"><void class="java.awt.Point" method="getField"><string>x</string><void method="set"><object idref="Point4"/><int>311</int></void></void><void class="java.awt.Point" method="getField"><string>y</string><void method="set"><object idref="Point4"/><int>347</int></void></void></void><void property="fillColor"><object class="java.awt.Color"><int>77</int><int>128</int><int>77</int><int>255</int></object></void><void id="Point5" property="position"><void class="java.awt.Point" method="getField"><string>x</string><void method="set"><object idref="Point5"/><int>237</int></void></void><void class="java.awt.Point" method="getField"><string>y</string><void method="set"><object idref="Point5"/><int>303</int></void></void></void><void property="properties"><void method="put"><string>SIDE_LENGTH</string><double>101.20835971097338</double></void></void><void property="thickness"><double>5.0</double></void></object></void><void method="add"><object class="eg.edu.alexu.csd.oop.draw.shapes.NSide" id="NSide1"><void class="eg.edu.alexu.csd.oop.draw.shapes.NSide" method="getField"><string>n</string><void method="set"><object idref="NSide1"/><int>8</int></void></void><void class="eg.edu.alexu.csd.oop.draw.cs37_54.MyShape" method="getField"><string>layer</string><void method="set"><object idref="NSide1"/><object class="javafx.scene.layout.HBox"><void property="alignment"><object idref="Pos0"/></void><void property="layoutX"><double>6.0</double></void><void property="layoutY"><double>121.0</double></void><void property="prefHeight"><double>40.0</double></void><void property="prefWidth"><double>286.0</double></void></object></void></void><void id="Point6" property="endPoint"><void class="java.awt.Point" method="getField"><string>x</string><void method="set"><object idref="Point6"/><int>568</int></void></void><void class="java.awt.Point" method="getField"><string>y</string><void method="set"><object idref="Point6"/><int>424</int></void></void></void><void property="fillColor"><object class="java.awt.Color"><int>0</int><int>0</int><int>255</int><int>255</int></object></void><void id="Point7" property="position"><void class="java.awt.Point" method="getField"><string>x</string><void method="set"><object idref="Point7"/><int>488</int></void></void><void class="java.awt.Point" method="getField"><string>y</string><void method="set"><object idref="Point7"/><int>364</int></void></void></void><void property="properties"><void method="put"><string>SIDE_COUNT</string><double>8.0</double></void><void method="put"><string>SIDE_LENGTH</string><double>76.53668647301795</double></void><void method="put"><string>ANGLE</string><double>45.0</double></void></void><void property="thickness"><double>5.0</double></void></object></void><void method="add"><object class="eg.edu.alexu.csd.oop.draw.shapes.NSide" id="NSide2"><void class="eg.edu.alexu.csd.oop.draw.shapes.NSide" method="getField"><string>n</string><void method="set"><object idref="NSide2"/><int>8</int></void></void><void class="eg.edu.alexu.csd.oop.draw.cs37_54.MyShape" method="getField"><string>layer</string><void method="set"><object idref="NSide2"/><object class="javafx.scene.layout.HBox"><void property="alignment"><object idref="Pos0"/></void><void property="layoutX"><double>6.0</double></void><void property="layoutY"><double>81.0</double></void><void property="prefHeight"><double>40.0</double></void><void property="prefWidth"><double>286.0</double></void></object></void></void><void property="color"><object class="java.awt.Color"><int>26</int><int>0</int><int>104</int><int>255</int></object></void><void id="Point8" property="endPoint"><void class="java.awt.Point" method="getField"><string>x</string><void method="set"><object idref="Point8"/><int>574</int></void></void><void class="java.awt.Point" method="getField"><string>y</string><void method="set"><object idref="Point8"/><int>215</int></void></void></void><void property="fillColor"><object class="java.awt.Color"><int>77</int><int>128</int><int>77</int><int>255</int></object></void><void id="Point9" property="position"><void class="java.awt.Point" method="getField"><string>x</string><void method="set"><object idref="Point9"/><int>437</int></void></void><void class="java.awt.Point" method="getField"><string>y</string><void method="set"><object idref="Point9"/><int>151</int></void></void></void><void property="properties"><void method="put"><string>SIDE_COUNT</string><double>8.0</double></void><void method="put"><string>SIDE_LENGTH</string><double>115.73247986775011</double></void><void method="put"><string>ANGLE</string><double>45.0</double></void></void><void property="thickness"><double>5.0</double></void></object></void><void method="add"><object class="eg.edu.alexu.csd.oop.draw.shapes.NSide" id="NSide3"><void class="eg.edu.alexu.csd.oop.draw.shapes.NSide" method="getField"><string>n</string><void method="set"><object idref="NSide3"/><int>8</int></void></void><void class="eg.edu.alexu.csd.oop.draw.cs37_54.MyShape" method="getField"><string>layer</string><void method="set"><object idref="NSide3"/><object class="javafx.scene.layout.HBox"><void property="alignment"><object idref="Pos0"/></void><void property="layoutX"><double>6.0</double></void><void property="layoutY"><double>42.0</double></void><void property="prefHeight"><double>40.0</double></void><void property="prefWidth"><double>286.0</double></void></object></void></void><void property="color"><object class="java.awt.Color"><int>26</int><int>0</int><int>104</int><int>255</int></object></void><void id="Point10" property="endPoint"><void class="java.awt.Point" method="getField"><string>x</string><void method="set"><object idref="Point10"/><int>554</int></void></void><void class="java.awt.Point" method="getField"><string>y</string><void method="set"><object idref="Point10"/><int>241</int></void></void></void><void property="fillColor"><object class="java.awt.Color"><int>77</int><int>128</int><int>77</int><int>255</int></object></void><void id="Point11" property="position"><void class="java.awt.Point" method="getField"><string>x</string><void method="set"><object idref="Point11"/><int>474</int></void></void><void class="java.awt.Point" method="getField"><string>y</string><void method="set"><object idref="Point11"/><int>181</int></void></void></void><void property="properties"><void method="put"><string>SIDE_COUNT</string><double>8.0</double></void><void method="put"><string>SIDE_LENGTH</string><double>76.53668647301795</double></void><void method="put"><string>ANGLE</string><double>45.0</double></void></void><void property="thickness"><double>5.0</double></void></object></void><void method="add"><object class="eg.edu.alexu.csd.oop.draw.shapes.NSide" id="NSide4"><void class="eg.edu.alexu.csd.oop.draw.shapes.NSide" method="getField"><string>n</string><void method="set"><object idref="NSide4"/><int>8</int></void></void><void class="eg.edu.alexu.csd.oop.draw.cs37_54.MyShape" method="getField"><string>layer</string><void method="set"><object idref="NSide4"/><object class="javafx.scene.layout.HBox"><void property="alignment"><object idref="Pos0"/></void><void property="layoutX"><double>6.0</double></void><void property="layoutY"><double>3.0</double></void><void property="prefHeight"><double>40.0</double></void><void property="prefWidth"><double>286.0</double></void></object></void></void><void property="color"><object class="java.awt.Color"><int>255</int><int>153</int><int>102</int><int>255</int></object></void><void id="Point12" property="endPoint"><void class="java.awt.Point" method="getField"><string>x</string><void method="set"><object idref="Point12"/><int>200</int></void></void><void class="java.awt.Point" method="getField"><string>y</string><void method="set"><object idref="Point12"/><int>218</int></void></void></void><void property="fillColor"><object class="java.awt.Color"><int>179</int><int>26</int><int>26</int><int>255</int></object></void><void id="Point13" property="position"><void class="java.awt.Point" method="getField"><string>x</string><void method="set"><object idref="Point13"/><int>120</int></void></void><void class="java.awt.Point" method="getField"><string>y</string><void method="set"><object idref="Point13"/><int>158</int></void></void></void><void property="properties"><void method="put"><string>SIDE_COUNT</string><double>8.0</double></void><void method="put"><string>SIDE_LENGTH</string><double>76.53668647301795</double></void><void method="put"><string>ANGLE</string><double>45.0</double></void></void><void property="thickness"><double>5.0</double></void></object></void></object></java>