<?xml version="1.0" encoding="ISO-8859-1"?><java class="java.beans.XMLDecoder" version="1.8.0_121"><object class="java.util.LinkedList"><void method="add"><object class="eg.edu.alexu.csd.oop.draw.shapes.Circle" id="Circle0"><void class="eg.edu.alexu.csd.oop.draw.cs37_54.MyShape" method="getField"><string>layer</string><void method="set"><object idref="Circle0"/><object class="javafx.scene.layout.HBox"><void property="alignment"><object class="java.lang.Enum" id="Pos0" method="valueOf"><class>javafx.geometry.Pos</class><string>CENTER_LEFT</string></object></void><void property="layoutX"><double>6.0</double></void><void property="layoutY"><double>129.0</double></void><void property="prefHeight"><double>40.0</double></void><void property="prefWidth"><double>286.0</double></void></object></void></void><void id="Point0" property="endPoint"><void class="java.awt.Point" method="getField"><string>x</string><void method="set"><object idref="Point0"/><int>170</int></void></void><void class="java.awt.Point" method="getField"><string>y</string><void method="set"><object idref="Point0"/><int>209</int></void></void></void><void property="fillColor"><object class="java.awt.Color"><int>0</int><int>0</int><int>255</int><int>255</int></object></void><void id="Point1" property="position"><void class="java.awt.Point" method="getField"><string>x</string><void method="set"><object idref="Point1"/><int>49</int></void></void><void class="java.awt.Point" method="getField"><string>y</string><void method="set"><object idref="Point1"/><int>87</int></void></void></void><void property="properties"><void method="put"><string>thickness</string><double>2.0</double></void><void method="put"><string>radius</string><double>60.75051440111433</double></void></void><void property="thickness"><double>2.0</double></void></object></void><void method="add"><object class="eg.edu.alexu.csd.oop.draw.shapes.NSide" id="NSide0"><void class="eg.edu.alexu.csd.oop.draw.shapes.NSide" method="getField"><string>n</string><void method="set"><object idref="NSide0"/><int>5</int></void></void><void class="eg.edu.alexu.csd.oop.draw.cs37_54.MyShape" method="getField"><string>layer</string><void method="set"><object idref="NSide0"/><object class="javafx.scene.layout.HBox"><void property="alignment"><object idref="Pos0"/></void><void property="layoutX"><double>6.0</double></void><void property="layoutY"><double>87.0</double></void><void property="prefHeight"><double>40.0</double></void><void property="prefWidth"><double>286.0</double></void></object></void></void><void id="Point2" property="endPoint"><void class="java.awt.Point" method="getField"><string>x</string><void method="set"><object idref="Point2"/><int>530</int></void></void><void class="java.awt.Point" method="getField"><string>y</string><void method="set"><object idref="Point2"/><int>295</int></void></void></void><void property="fillColor"><object class="java.awt.Color"><int>0</int><int>0</int><int>255</int><int>255</int></object></void><void id="Point3" property="position"><void class="java.awt.Point" method="getField"><string>x</string><void method="set"><object idref="Point3"/><int>419</int></void></void><void class="java.awt.Point" method="getField"><string>y</string><void method="set"><object idref="Point3"/><int>221</int></void></void></void><void property="properties"><void method="put"><string>SIDE_LENGTH</string><double>156.82745009155167</double></void></void><void property="thickness"><double>2.0</double></void></object></void><void method="add"><object class="eg.edu.alexu.csd.oop.draw.shapes.Oval" id="Oval0"><void class="eg.edu.alexu.csd.oop.draw.cs37_54.MyShape" method="getField"><string>layer</string><void method="set"><object idref="Oval0"/><object class="javafx.scene.layout.HBox"><void property="alignment"><object idref="Pos0"/></void><void property="layoutX"><double>6.0</double></void><void property="layoutY"><double>45.0</double></void><void property="prefHeight"><double>40.0</double></void><void property="prefWidth"><double>286.0</double></void></object></void></void><void id="Point4" property="endPoint"><void class="java.awt.Point" method="getField"><string>x</string><void method="set"><object idref="Point4"/><int>314</int></void></void><void class="java.awt.Point" method="getField"><string>y</string><void method="set"><object idref="Point4"/><int>427</int></void></void></void><void property="fillColor"><object class="java.awt.Color"><int>0</int><int>0</int><int>255</int><int>255</int></object></void><void id="Point5" property="position"><void class="java.awt.Point" method="getField"><string>x</string><void method="set"><object idref="Point5"/><int>188</int></void></void><void class="java.awt.Point" method="getField"><string>y</string><void method="set"><object idref="Point5"/><int>286</int></void></void></void><void property="properties"><void method="put"><string>MINOR_AXIS</string><double>126.0</double></void><void method="put"><string>MAJOR_AXIS</string><double>141.0</double></void></void><void property="thickness"><double>2.0</double></void></object></void><void method="add"><object class="eg.edu.alexu.csd.oop.draw.shapes.Square" id="Square0"><void class="eg.edu.alexu.csd.oop.draw.cs37_54.MyShape" method="getField"><string>layer</string><void method="set"><object idref="Square0"/><object class="javafx.scene.layout.HBox"><void property="alignment"><object idref="Pos0"/></void><void property="layoutX"><double>6.0</double></void><void property="layoutY"><double>3.0</double></void><void property="prefHeight"><double>40.0</double></void><void property="prefWidth"><double>286.0</double></void></object></void></void><void id="Point6" property="endPoint"><void class="java.awt.Point" method="getField"><string>x</string><void method="set"><object idref="Point6"/><int>670</int></void></void><void class="java.awt.Point" method="getField"><string>y</string><void method="set"><object idref="Point6"/><int>439</int></void></void></void><void property="fillColor"><object class="java.awt.Color"><int>230</int><int>153</int><int>77</int><int>255</int></object></void><void id="Point7" property="position"><void class="java.awt.Point" method="getField"><string>x</string><void method="set"><object idref="Point7"/><int>666</int></void></void><void class="java.awt.Point" method="getField"><string>y</string><void method="set"><object idref="Point7"/><int>361</int></void></void></void><void property="properties"><void method="put"><string>SIDE_LENGTH_SQUARE</string><double>110.4536101718726</double></void></void><void property="thickness"><double>2.0</double></void></object></void></object></java>